INSERT INTO USERS VALUES ('João','joao@isel.pt');
INSERT INTO USERS VALUES ('Pedro', 'pedro@isel.pt');
INSERT INTO USERS VALUES ('Zé Artur','zeartur@isel.pt');
INSERT INTO USERS VALUES ('Jéssica', 'jessica@isel.pt');
INSERT INTO USERS VALUES ('Diogo', 'diogo@isel.pt');
INSERT INTO USERS VALUES ('Rita', 'rita@isel.pt');
INSERT INTO USERS VALUES ('Joana', 'joana@isel.pt');
INSERT INTO USERS VALUES ('Otávio', 'otavio@isel.pt');
INSERT INTO USERS VALUES ('André', 'andre@isel.pt');
INSERT INTO USERS VALUES ('Anita', 'anita@isel.pt');
INSERT INTO USERS VALUES ('Beatriz', 'bea@isel.pt');
INSERT INTO USERS VALUES ('Sara', 'sara@isel.pt');
INSERT INTO USERS VALUES ('Maria', 'maria@isel.pt');
INSERT INTO USERS VALUES ('Jorge', 'jorge@isel.pt');
INSERT INTO USERS VALUES ('Paulo', 'paulo@isel.pt');
INSERT INTO USERS VALUES ('Inês', 'ines@isel.pt');
INSERT INTO USERS VALUES ('Marta', 'marta@isel.pt');
INSERT INTO USERS VALUES ('Joaquim', 'joaquim@isel.pt');
INSERT INTO USERS VALUES ('Eduardo', 'eduardo@isel.pt');
INSERT INTO USERS VALUES ('Raquel', 'raquel@isel.pt');
INSERT INTO USERS VALUES ('Vitor', 'vitor@isel.pt');
INSERT INTO USERS VALUES ('Carlos', 'carlos@isel.pt');
INSERT INTO USERS VALUES ('Catarina', 'catarina@isel.pt');
INSERT INTO USERS VALUES ('Luís', 'luis@isel.pt');
INSERT INTO USERS VALUES ('Ricardo', 'ricardo@isel.pt');
INSERT INTO USERS VALUES ('Sandra', 'sandra@isel.pt');
INSERT INTO USERS VALUES ('Madalena', 'madalena@isel.pt');

INSERT INTO TEACHER VALUES ('joao@isel.pt',21);
INSERT INTO TEACHER VALUES ('zeartur@isel.pt',22);
INSERT INTO TEACHER VALUES ('otavio@isel.pt',23);
INSERT INTO TEACHER VALUES ('andre@isel.pt',24);
INSERT INTO TEACHER VALUES ('anita@isel.pt',25);
INSERT INTO TEACHER VALUES ('bea@isel.pt',26);
INSERT INTO TEACHER VALUES ('sara@isel.pt',27);

INSERT INTO COURSE VALUES ('Laboratório de Software','LS',21);
INSERT INTO COURSE VALUES ('Arquitetura de Computadores','AC',22);
INSERT INTO COURSE VALUES ('Lógica e Sistemas Digitais','LSD',22);
INSERT INTO COURSE VALUES ('Sistemas Operativos', 'SO',23);
INSERT INTO COURSE VALUES ('Ambientes Virtuais de Execução', 'AVE',24);
INSERT INTO COURSE VALUES ('Redes de Computadores', 'RCP',25);
INSERT INTO COURSE VALUES ('Modelação e Padrões de Desenho', 'MPD',26);
INSERT INTO COURSE VALUES ('Teoria de Jogos','TJ',27);

INSERT INTO CLASS VALUES ('41D','1718W','LS');
INSERT INTO CLASS VALUES ('42D','1718W','LS');
INSERT INTO CLASS VALUES ('22D','1718W','AC');
INSERT INTO CLASS VALUES ('22D','1718W','LSD');
INSERT INTO CLASS VALUES ('41D','1819S','SO');
INSERT INTO CLASS VALUES ('41D','1819S','AVE');
INSERT INTO CLASS VALUES ('42D','1819S','RCP');
INSERT INTO CLASS VALUES ('43D','1819S','MPD');
INSERT INTO CLASS VALUES ('41D','1819S','TJ');

INSERT INTO PROGRAMME VALUES ('LEIC','LICENCIATURA ENGENHARIA INFORMATICA E COMPUTADORES',6);
INSERT INTO PROGRAMME VALUES ('LMATE', 'LICENCIATURA EM MATEMATICA APLICADA A TECNOLOGIA E A EMPRESA',6);

INSERT INTO STUDENT VALUES ('pedro@isel.pt', 44781,'LEIC');
INSERT INTO STUDENT VALUES ('jessica@isel.pt', 44820, 'LEIC');
INSERT INTO STUDENT VALUES ('diogo@isel.pt', 44815, 'LEIC');
INSERT INTO STUDENT VALUES ('rita@isel.pt',41212,'LEIC');
INSERT INTO STUDENT VALUES ('joana@isel.pt', 43333, 'LEIC');
INSERT INTO STUDENT VALUES ('maria@isel.pt', 44782, 'LEIC');
INSERT INTO STUDENT VALUES ('jorge@isel.pt', 44783, 'LEIC');
INSERT INTO STUDENT VALUES ('paulo@isel.pt', 44784, 'LEIC');
INSERT INTO STUDENT VALUES ('ines@isel.pt', 44785, 'LEIC');
INSERT INTO STUDENT VALUES ('marta@isel.pt', 44786, 'LEIC');
INSERT INTO STUDENT VALUES ('joaquim@isel.pt', 44787, 'LEIC');
INSERT INTO STUDENT VALUES ('eduardo@isel.pt', 44788, 'LEIC');
INSERT INTO STUDENT VALUES ('raquel@isel.pt', 44789, 'LEIC');
INSERT INTO STUDENT VALUES ('vitor@isel.pt', 44790, 'LEIC');
INSERT INTO STUDENT VALUES ('carlos@isel.pt', 44791, 'LEIC');
INSERT INTO STUDENT VALUES ('catarina@isel.pt', 44792, 'LEIC');
INSERT INTO STUDENT VALUES ('luis@isel.pt', 44793, 'LEIC');
INSERT INTO STUDENT VALUES ('ricardo@isel.pt', 44794, 'LMATE');
INSERT INTO STUDENT VALUES ('sandra@isel.pt', 44795, 'LMATE');
INSERT INTO STUDENT VALUES ('madalena@isel.pt', 44796, 'LMATE');

INSERT INTO CLASS_TEACHER VALUES (21,'LS', '41D','1718W');
INSERT INTO CLASS_TEACHER VALUES (24,'LS', '42D','1718W');
INSERT INTO CLASS_TEACHER VALUES (22,'AC', '22D','1718W');
INSERT INTO CLASS_TEACHER VALUES (23,'SO', '41D','1819S');
INSERT INTO CLASS_TEACHER VALUES (24,'AVE', '41D','1819S');
INSERT INTO CLASS_TEACHER VALUES (25,'RCP', '42D','1819S');
INSERT INTO CLASS_TEACHER VALUES (26,'MPD', '43D','1819S');
INSERT INTO CLASS_TEACHER VALUES (27,'TJ', '41D','1819S');

INSERT INTO PROGRAMME_COURSE VALUES ('LEIC','LS',true,'4');
INSERT INTO PROGRAMME_COURSE VALUES ('LEIC','AC',true,'2');
INSERT INTO PROGRAMME_COURSE VALUES ('LMATE','TJ',true,'4,6');
INSERT INTO PROGRAMME_COURSE VALUES ('LEIC','TJ', false,'4,6');
INSERT INTO PROGRAMME_COURSE VALUES ('LEIC','SO',true,'4');
INSERT INTO PROGRAMME_COURSE VALUES ('LEIC','AVE',true,'4');
INSERT INTO PROGRAMME_COURSE VALUES ('LEIC','RCP',true,'4');
INSERT INTO PROGRAMME_COURSE VALUES ('LEIC','MPD',false,'4,6');

INSERT INTO _GROUP VALUES (1);
INSERT INTO _GROUP VALUES (2);
INSERT INTO _GROUP VALUES (3);
INSERT INTO _GROUP VALUES (4);

INSERT INTO STUDENT_CLASS VALUES (44781, '41D', '1718W', 'LS');
INSERT INTO STUDENT_CLASS VALUES (44820, '41D', '1718W', 'LS');
INSERT INTO STUDENT_CLASS VALUES (44815, '41D', '1718W', 'LS');
INSERT INTO STUDENT_CLASS VALUES (43333, '41D', '1718W', 'LS');
INSERT INTO STUDENT_CLASS VALUES (44782, '41D', '1718W', 'LS');
INSERT INTO STUDENT_CLASS VALUES (44783, '42D', '1718W', 'LS');
INSERT INTO STUDENT_CLASS VALUES (44784, '42D', '1718W', 'LS');
INSERT INTO STUDENT_CLASS VALUES (44785, '42D', '1718W', 'LS');
INSERT INTO STUDENT_CLASS VALUES (44786, '41D', '1819S', 'SO');
INSERT INTO STUDENT_CLASS VALUES (44787, '41D', '1819S', 'SO');
INSERT INTO STUDENT_CLASS VALUES (44788, '41D', '1819S', 'SO');
INSERT INTO STUDENT_CLASS VALUES (44789, '41D', '1819S', 'AVE');
INSERT INTO STUDENT_CLASS VALUES (44790, '41D', '1819S', 'AVE');
INSERT INTO STUDENT_CLASS VALUES (44791, '42D', '1819S', 'RCP');
INSERT INTO STUDENT_CLASS VALUES (44792, '42D', '1819S', 'RCP');
INSERT INTO STUDENT_CLASS VALUES (44793, '43D', '1819S', 'MPD');
INSERT INTO STUDENT_CLASS VALUES (44794, '41D', '1819S', 'TJ');
INSERT INTO STUDENT_CLASS VALUES (44795, '41D', '1819S', 'TJ');
INSERT INTO STUDENT_CLASS VALUES (44796, '41D', '1819S', 'TJ');

INSERT INTO SC_GROUP VALUES (44781, '41D', '1718W', 'LS', 1);
INSERT INTO SC_GROUP VALUES (44820, '41D', '1718W', 'LS', 1);
INSERT INTO SC_GROUP VALUES (44815, '41D', '1718W', 'LS', 1);
INSERT INTO SC_GROUP VALUES (43333, '41D', '1718W', 'LS', 2);
INSERT INTO SC_GROUP VALUES (44782, '41D', '1718W', 'LS', 2);
INSERT INTO SC_GROUP VALUES (44783, '42D', '1718W', 'LS', 1);
INSERT INTO SC_GROUP VALUES (44784, '42D', '1718W', 'LS', 1);
INSERT INTO SC_GROUP VALUES (44785, '42D', '1718W', 'LS', 2);
INSERT INTO SC_GROUP VALUES (44786, '41D', '1819S', 'SO', 3);
INSERT INTO SC_GROUP VALUES (44787, '41D', '1819S', 'SO', 3);
INSERT INTO SC_GROUP VALUES (44788, '41D', '1819S', 'SO', 4);
INSERT INTO SC_GROUP VALUES (44789, '41D', '1819S', 'AVE', 1);
INSERT INTO SC_GROUP VALUES (44790, '41D', '1819S', 'AVE', 2);
INSERT INTO SC_GROUP VALUES (44791, '42D', '1819S', 'RCP', 3);
INSERT INTO SC_GROUP VALUES (44792, '42D', '1819S', 'RCP', 3);
INSERT INTO SC_GROUP VALUES (44793, '43D', '1819S', 'MPD', 1);
INSERT INTO SC_GROUP VALUES (44794, '41D', '1819S', 'TJ', 1);
INSERT INTO SC_GROUP VALUES (44795, '41D', '1819S', 'TJ', 1);
INSERT INTO SC_GROUP VALUES (44796, '41D', '1819S', 'TJ', 2);